region,month,month_name,year,predicted_cases,lower_bound,upper_bound,hotspot_flag,hotspot_label,threshold_80pct,period
Albertine,4,Apr,2026,11769.8,11201.0,12347.0,1,🔴 HOTSPOT,10101.8,Apr 2026
Albertine,5,May,2026,11757.3,11188.4,12334.4,1,🔴 HOTSPOT,10101.8,May 2026
Albertine,6,Jun,2026,11495.3,10926.4,12072.4,1,🔴 HOTSPOT,10101.8,Jun 2026
Albertine,7,Jul,2026,11894.8,11325.9,12471.9,1,🔴 HOTSPOT,10101.8,Jul 2026
Albertine,8,Aug,2026,11697.2,11128.4,12274.4,1,🔴 HOTSPOT,10101.8,Aug 2026
Albertine,9,Sep,2026,11390.9,10822.0,11968.0,1,🔴 HOTSPOT,10101.8,Sep 2026
Albertine,10,Oct,2026,11475.6,10906.8,12052.8,1,🔴 HOTSPOT,10101.8,Oct 2026
Albertine,11,Nov,2026,11505.6,10936.8,12082.8,1,🔴 HOTSPOT,10101.8,Nov 2026
Albertine,12,Dec,2026,10802.1,10233.2,11379.2,1,🔴 HOTSPOT,10101.8,Dec 2026
Albertine,1,Jan,2027,11939.3,11370.4,12516.4,1,🔴 HOTSPOT,10101.8,Jan 2027
Albertine,2,Feb,2027,11637.7,11068.8,12214.8,1,🔴 HOTSPOT,10101.8,Feb 2027
Albertine,3,Mar,2027,11814.6,11245.7,12391.7,1,🔴 HOTSPOT,10101.8,Mar 2027
Aswa East,4,Apr,2026,4343.0,3774.1,4920.2,0,🔵 Normal,10101.8,Apr 2026
Aswa East,5,May,2026,4361.3,3792.5,4938.5,0,🔵 Normal,10101.8,May 2026
Aswa East,6,Jun,2026,4338.9,3770.0,4916.1,0,🔵 Normal,10101.8,Jun 2026
Aswa East,7,Jul,2026,4323.7,3754.8,4900.9,0,🔵 Normal,10101.8,Jul 2026
Aswa East,8,Aug,2026,4327.8,3758.9,4904.9,0,🔵 Normal,10101.8,Aug 2026
Aswa East,9,Sep,2026,4241.1,3672.2,4818.2,0,🔵 Normal,10101.8,Sep 2026
Aswa East,10,Oct,2026,4121.8,3552.9,4698.9,0,🔵 Normal,10101.8,Oct 2026
Aswa East,11,Nov,2026,4175.5,3606.6,4752.6,0,🔵 Normal,10101.8,Nov 2026
Aswa East,12,Dec,2026,4168.0,3599.1,4745.2,0,🔵 Normal,10101.8,Dec 2026
Aswa East,1,Jan,2027,4285.0,3716.1,4862.1,0,🔵 Normal,10101.8,Jan 2027
Aswa East,2,Feb,2027,4207.8,3638.9,4784.9,0,🔵 Normal,10101.8,Feb 2027
Aswa East,3,Mar,2027,4226.5,3657.6,4803.6,0,🔵 Normal,10101.8,Mar 2027
Aswa West,4,Apr,2026,4849.0,4280.1,5426.1,0,🔵 Normal,10101.8,Apr 2026
Aswa West,5,May,2026,4850.1,4281.3,5427.3,0,🔵 Normal,10101.8,May 2026
Aswa West,6,Jun,2026,4847.6,4278.7,5424.7,0,🔵 Normal,10101.8,Jun 2026
Aswa West,7,Jul,2026,4843.8,4275.0,5421.0,0,🔵 Normal,10101.8,Jul 2026
Aswa West,8,Aug,2026,4806.4,4237.5,5383.5,0,🔵 Normal,10101.8,Aug 2026
Aswa West,9,Sep,2026,4802.3,4233.4,5379.4,0,🔵 Normal,10101.8,Sep 2026
Aswa West,10,Oct,2026,4687.3,4118.5,5264.5,0,🔵 Normal,10101.8,Oct 2026
Aswa West,11,Nov,2026,4743.0,4174.1,5320.2,0,🔵 Normal,10101.8,Nov 2026
Aswa West,12,Dec,2026,4713.3,4144.4,5290.4,0,🔵 Normal,10101.8,Dec 2026
Aswa West,1,Jan,2027,4795.0,4226.1,5372.1,0,🔵 Normal,10101.8,Jan 2027
Aswa West,2,Feb,2027,4795.1,4226.3,5372.3,0,🔵 Normal,10101.8,Feb 2027
Aswa West,3,Mar,2027,4831.8,4262.9,5408.9,0,🔵 Normal,10101.8,Mar 2027
Bukedi North,4,Apr,2026,3561.4,2992.5,4138.5,0,🔵 Normal,10101.8,Apr 2026
Bukedi North,5,May,2026,3598.8,3030.0,4176.0,0,🔵 Normal,10101.8,May 2026
Bukedi North,6,Jun,2026,3665.6,3096.8,4242.8,0,🔵 Normal,10101.8,Jun 2026
Bukedi North,7,Jul,2026,3602.8,3033.9,4179.9,0,🔵 Normal,10101.8,Jul 2026
Bukedi North,8,Aug,2026,3619.2,3050.4,4196.4,0,🔵 Normal,10101.8,Aug 2026
Bukedi North,9,Sep,2026,3599.6,3030.7,4176.7,0,🔵 Normal,10101.8,Sep 2026
Bukedi North,10,Oct,2026,3573.4,3004.5,4150.5,0,🔵 Normal,10101.8,Oct 2026
Bukedi North,11,Nov,2026,3597.1,3028.2,4174.3,0,🔵 Normal,10101.8,Nov 2026
Bukedi North,12,Dec,2026,3613.6,3044.8,4190.8,0,🔵 Normal,10101.8,Dec 2026
Bukedi North,1,Jan,2027,3648.1,3079.2,4225.2,0,🔵 Normal,10101.8,Jan 2027
Bukedi North,2,Feb,2027,3575.4,3006.5,4152.5,0,🔵 Normal,10101.8,Feb 2027
Bukedi North,3,Mar,2027,3370.4,2801.5,3947.5,0,🔵 Normal,10101.8,Mar 2027
Bukedi South,4,Apr,2026,4763.3,4194.4,5340.4,0,🔵 Normal,10101.8,Apr 2026
Bukedi South,5,May,2026,4751.6,4182.8,5328.8,0,🔵 Normal,10101.8,May 2026
Bukedi South,6,Jun,2026,4806.6,4237.8,5383.8,0,🔵 Normal,10101.8,Jun 2026
Bukedi South,7,Jul,2026,4761.1,4192.2,5338.2,0,🔵 Normal,10101.8,Jul 2026
Bukedi South,8,Aug,2026,4744.4,4175.6,5321.6,0,🔵 Normal,10101.8,Aug 2026
Bukedi South,9,Sep,2026,4720.7,4151.8,5297.9,0,🔵 Normal,10101.8,Sep 2026
Bukedi South,10,Oct,2026,4670.0,4101.1,5247.2,0,🔵 Normal,10101.8,Oct 2026
Bukedi South,11,Nov,2026,4733.5,4164.6,5310.6,0,🔵 Normal,10101.8,Nov 2026
Bukedi South,12,Dec,2026,4686.8,4118.0,5264.0,0,🔵 Normal,10101.8,Dec 2026
Bukedi South,1,Jan,2027,4683.0,4114.2,5260.2,0,🔵 Normal,10101.8,Jan 2027
Bukedi South,2,Feb,2027,4691.9,4123.0,5269.1,0,🔵 Normal,10101.8,Feb 2027
Bukedi South,3,Mar,2027,4749.0,4180.1,5326.1,0,🔵 Normal,10101.8,Mar 2027
Busoga East,4,Apr,2026,7127.6,6558.8,7704.8,0,🔵 Normal,10101.8,Apr 2026
Busoga East,5,May,2026,7096.1,6527.3,7673.3,0,🔵 Normal,10101.8,May 2026
Busoga East,6,Jun,2026,7049.5,6480.6,7626.7,0,🔵 Normal,10101.8,Jun 2026
Busoga East,7,Jul,2026,7064.1,6495.2,7641.2,0,🔵 Normal,10101.8,Jul 2026
Busoga East,8,Aug,2026,7170.9,6602.1,7748.1,0,🔵 Normal,10101.8,Aug 2026
Busoga East,9,Sep,2026,7272.3,6703.4,7849.4,0,🔵 Normal,10101.8,Sep 2026
Busoga East,10,Oct,2026,7140.8,6572.0,7718.0,0,🔵 Normal,10101.8,Oct 2026
Busoga East,11,Nov,2026,7011.7,6442.9,7588.9,0,🔵 Normal,10101.8,Nov 2026
Busoga East,12,Dec,2026,7029.5,6460.7,7606.7,0,🔵 Normal,10101.8,Dec 2026
Busoga East,1,Jan,2027,7178.7,6609.8,7755.8,0,🔵 Normal,10101.8,Jan 2027
Busoga East,2,Feb,2027,7120.2,6551.4,7697.4,0,🔵 Normal,10101.8,Feb 2027
Busoga East,3,Mar,2027,7238.4,6669.5,7815.5,0,🔵 Normal,10101.8,Mar 2027
Busoga North,4,Apr,2026,6059.6,5490.8,6636.8,0,🔵 Normal,10101.8,Apr 2026
Busoga North,5,May,2026,6058.1,5489.2,6635.2,0,🔵 Normal,10101.8,May 2026
Busoga North,6,Jun,2026,5983.3,5414.4,6560.5,0,🔵 Normal,10101.8,Jun 2026
Busoga North,7,Jul,2026,6015.5,5446.7,6592.7,0,🔵 Normal,10101.8,Jul 2026
Busoga North,8,Aug,2026,5988.6,5419.8,6565.8,0,🔵 Normal,10101.8,Aug 2026
Busoga North,9,Sep,2026,5819.9,5251.1,6397.1,0,🔵 Normal,10101.8,Sep 2026
Busoga North,10,Oct,2026,5793.6,5224.8,6370.8,0,🔵 Normal,10101.8,Oct 2026
Busoga North,11,Nov,2026,5820.2,5251.3,6397.3,0,🔵 Normal,10101.8,Nov 2026
Busoga North,12,Dec,2026,5923.4,5354.6,6500.6,0,🔵 Normal,10101.8,Dec 2026
Busoga North,1,Jan,2027,6164.8,5596.0,6742.0,0,🔵 Normal,10101.8,Jan 2027
Busoga North,2,Feb,2027,6064.3,5495.4,6641.4,0,🔵 Normal,10101.8,Feb 2027
Busoga North,3,Mar,2027,6219.6,5650.8,6796.8,0,🔵 Normal,10101.8,Mar 2027
C.I.D Headquarters,4,Apr,2026,537.3,0.0,1114.5,0,🔵 Normal,10101.8,Apr 2026
C.I.D Headquarters,5,May,2026,543.5,0.0,1120.6,0,🔵 Normal,10101.8,May 2026
C.I.D Headquarters,6,Jun,2026,543.5,0.0,1120.7,0,🔵 Normal,10101.8,Jun 2026
C.I.D Headquarters,7,Jul,2026,527.2,0.0,1104.4,0,🔵 Normal,10101.8,Jul 2026
C.I.D Headquarters,8,Aug,2026,537.1,0.0,1114.2,0,🔵 Normal,10101.8,Aug 2026
C.I.D Headquarters,9,Sep,2026,523.5,0.0,1100.6,0,🔵 Normal,10101.8,Sep 2026
C.I.D Headquarters,10,Oct,2026,500.2,0.0,1077.3,0,🔵 Normal,10101.8,Oct 2026
C.I.D Headquarters,11,Nov,2026,507.4,0.0,1084.5,0,🔵 Normal,10101.8,Nov 2026
C.I.D Headquarters,12,Dec,2026,504.9,0.0,1082.1,0,🔵 Normal,10101.8,Dec 2026
C.I.D Headquarters,1,Jan,2027,522.5,0.0,1099.6,0,🔵 Normal,10101.8,Jan 2027
C.I.D Headquarters,2,Feb,2027,498.2,0.0,1075.4,0,🔵 Normal,10101.8,Feb 2027
C.I.D Headquarters,3,Mar,2027,551.0,0.0,1128.2,0,🔵 Normal,10101.8,Mar 2027
East Kyoga,4,Apr,2026,8413.8,7844.9,8990.9,0,🔵 Normal,10101.8,Apr 2026
East Kyoga,5,May,2026,8337.6,7768.8,8914.8,0,🔵 Normal,10101.8,May 2026
East Kyoga,6,Jun,2026,8386.4,7817.5,8963.5,0,🔵 Normal,10101.8,Jun 2026
East Kyoga,7,Jul,2026,8387.3,7818.5,8964.5,0,🔵 Normal,10101.8,Jul 2026
East Kyoga,8,Aug,2026,8470.2,7901.3,9047.3,0,🔵 Normal,10101.8,Aug 2026
East Kyoga,9,Sep,2026,8577.2,8008.4,9154.4,0,🔵 Normal,10101.8,Sep 2026
East Kyoga,10,Oct,2026,8454.0,7885.2,9031.2,0,🔵 Normal,10101.8,Oct 2026
East Kyoga,11,Nov,2026,8247.7,7678.8,8824.8,0,🔵 Normal,10101.8,Nov 2026
East Kyoga,12,Dec,2026,8347.1,7778.2,8924.2,0,🔵 Normal,10101.8,Dec 2026
East Kyoga,1,Jan,2027,8024.4,7455.5,8601.6,0,🔵 Normal,10101.8,Jan 2027
East Kyoga,2,Feb,2027,8119.8,7550.9,8696.9,0,🔵 Normal,10101.8,Feb 2027
East Kyoga,3,Mar,2027,8391.0,7822.1,8968.1,0,🔵 Normal,10101.8,Mar 2027
Elgon,4,Apr,2026,7317.5,6748.7,7894.7,0,🔵 Normal,10101.8,Apr 2026
Elgon,5,May,2026,7258.3,6689.4,7835.4,0,🔵 Normal,10101.8,May 2026
Elgon,6,Jun,2026,7298.1,6729.2,7875.2,0,🔵 Normal,10101.8,Jun 2026
Elgon,7,Jul,2026,7301.7,6732.9,7878.9,0,🔵 Normal,10101.8,Jul 2026
Elgon,8,Aug,2026,7346.9,6778.1,7924.1,0,🔵 Normal,10101.8,Aug 2026
Elgon,9,Sep,2026,7386.6,6817.7,7963.7,0,🔵 Normal,10101.8,Sep 2026
Elgon,10,Oct,2026,7354.2,6785.3,7931.3,0,🔵 Normal,10101.8,Oct 2026
Elgon,11,Nov,2026,7194.5,6625.6,7771.6,0,🔵 Normal,10101.8,Nov 2026
Elgon,12,Dec,2026,7260.6,6691.7,7837.7,0,🔵 Normal,10101.8,Dec 2026
Elgon,1,Jan,2027,7238.5,6669.6,7815.7,0,🔵 Normal,10101.8,Jan 2027
Elgon,2,Feb,2027,7220.0,6651.1,7797.1,0,🔵 Normal,10101.8,Feb 2027
Elgon,3,Mar,2027,7332.3,6763.4,7909.4,0,🔵 Normal,10101.8,Mar 2027
Greater Bushenyi,4,Apr,2026,4845.5,4276.7,5422.7,0,🔵 Normal,10101.8,Apr 2026
Greater Bushenyi,5,May,2026,4843.3,4274.4,5420.4,0,🔵 Normal,10101.8,May 2026
Greater Bushenyi,6,Jun,2026,4840.3,4271.5,5417.5,0,🔵 Normal,10101.8,Jun 2026
Greater Bushenyi,7,Jul,2026,4832.1,4263.2,5409.2,0,🔵 Normal,10101.8,Jul 2026
Greater Bushenyi,8,Aug,2026,4799.8,4230.9,5376.9,0,🔵 Normal,10101.8,Aug 2026
Greater Bushenyi,9,Sep,2026,4788.2,4219.3,5365.3,0,🔵 Normal,10101.8,Sep 2026
Greater Bushenyi,10,Oct,2026,4701.2,4132.3,5278.3,0,🔵 Normal,10101.8,Oct 2026
Greater Bushenyi,11,Nov,2026,4738.8,4169.9,5315.9,0,🔵 Normal,10101.8,Nov 2026
Greater Bushenyi,12,Dec,2026,4741.3,4172.4,5318.4,0,🔵 Normal,10101.8,Dec 2026
Greater Bushenyi,1,Jan,2027,4790.1,4221.2,5367.2,0,🔵 Normal,10101.8,Jan 2027
Greater Bushenyi,2,Feb,2027,4803.4,4234.5,5380.5,0,🔵 Normal,10101.8,Feb 2027
Greater Bushenyi,3,Mar,2027,4786.3,4217.5,5363.5,0,🔵 Normal,10101.8,Mar 2027
Greater Masaka,4,Apr,2026,11946.1,11377.2,12523.2,1,🔴 HOTSPOT,10101.8,Apr 2026
Greater Masaka,5,May,2026,11904.1,11335.3,12481.3,1,🔴 HOTSPOT,10101.8,May 2026
Greater Masaka,6,Jun,2026,12021.8,11452.9,12599.0,1,🔴 HOTSPOT,10101.8,Jun 2026
Greater Masaka,7,Jul,2026,11982.4,11413.5,12559.6,1,🔴 HOTSPOT,10101.8,Jul 2026
Greater Masaka,8,Aug,2026,12005.4,11436.5,12582.5,1,🔴 HOTSPOT,10101.8,Aug 2026
Greater Masaka,9,Sep,2026,11894.4,11325.6,12471.6,1,🔴 HOTSPOT,10101.8,Sep 2026
Greater Masaka,10,Oct,2026,12073.9,11505.0,12651.0,1,🔴 HOTSPOT,10101.8,Oct 2026
Greater Masaka,11,Nov,2026,11850.4,11281.6,12427.6,1,🔴 HOTSPOT,10101.8,Nov 2026
Greater Masaka,12,Dec,2026,11696.9,11128.0,12274.1,1,🔴 HOTSPOT,10101.8,Dec 2026
Greater Masaka,1,Jan,2027,11738.9,11170.0,12316.0,1,🔴 HOTSPOT,10101.8,Jan 2027
Greater Masaka,2,Feb,2027,11827.7,11258.8,12404.9,1,🔴 HOTSPOT,10101.8,Feb 2027
Greater Masaka,3,Mar,2027,11877.8,11308.9,12454.9,1,🔴 HOTSPOT,10101.8,Mar 2027
KMP East,4,Apr,2026,11181.2,10612.3,11758.4,1,🔴 HOTSPOT,10101.8,Apr 2026
KMP East,5,May,2026,11010.4,10441.5,11587.5,1,🔴 HOTSPOT,10101.8,May 2026
KMP East,6,Jun,2026,11072.1,10503.2,11649.2,1,🔴 HOTSPOT,10101.8,Jun 2026
KMP East,7,Jul,2026,11041.7,10472.8,11618.9,1,🔴 HOTSPOT,10101.8,Jul 2026
KMP East,8,Aug,2026,11156.7,10587.9,11733.9,1,🔴 HOTSPOT,10101.8,Aug 2026
KMP East,9,Sep,2026,11377.8,10808.9,11954.9,1,🔴 HOTSPOT,10101.8,Sep 2026
KMP East,10,Oct,2026,11457.2,10888.3,12034.4,1,🔴 HOTSPOT,10101.8,Oct 2026
KMP East,11,Nov,2026,11291.9,10723.0,11869.0,1,🔴 HOTSPOT,10101.8,Nov 2026
KMP East,12,Dec,2026,11007.0,10438.1,11584.1,1,🔴 HOTSPOT,10101.8,Dec 2026
KMP East,1,Jan,2027,10911.7,10342.8,11488.9,1,🔴 HOTSPOT,10101.8,Jan 2027
KMP East,2,Feb,2027,11143.9,10575.0,11721.1,1,🔴 HOTSPOT,10101.8,Feb 2027
KMP East,3,Mar,2027,11175.5,10606.6,11752.7,1,🔴 HOTSPOT,10101.8,Mar 2027
KMP North,4,Apr,2026,17462.5,16893.7,18039.7,1,🔴 HOTSPOT,10101.8,Apr 2026
KMP North,5,May,2026,17110.3,16541.4,17687.4,1,🔴 HOTSPOT,10101.8,May 2026
KMP North,6,Jun,2026,17129.6,16560.7,17706.8,1,🔴 HOTSPOT,10101.8,Jun 2026
KMP North,7,Jul,2026,17593.1,17024.2,18170.2,1,🔴 HOTSPOT,10101.8,Jul 2026
KMP North,8,Aug,2026,17282.5,16713.7,17859.7,1,🔴 HOTSPOT,10101.8,Aug 2026
KMP North,9,Sep,2026,15986.2,15417.4,16563.4,1,🔴 HOTSPOT,10101.8,Sep 2026
KMP North,10,Oct,2026,16436.8,15867.9,17013.9,1,🔴 HOTSPOT,10101.8,Oct 2026
KMP North,11,Nov,2026,16088.7,15519.8,16665.9,1,🔴 HOTSPOT,10101.8,Nov 2026
KMP North,12,Dec,2026,17082.6,16513.7,17659.8,1,🔴 HOTSPOT,10101.8,Dec 2026
KMP North,1,Jan,2027,16069.7,15500.9,16646.9,1,🔴 HOTSPOT,10101.8,Jan 2027
KMP North,2,Feb,2027,16052.9,15484.0,16630.1,1,🔴 HOTSPOT,10101.8,Feb 2027
KMP North,3,Mar,2027,16771.7,16202.8,17348.8,1,🔴 HOTSPOT,10101.8,Mar 2027
KMP South,4,Apr,2026,15197.0,14628.1,15774.1,1,🔴 HOTSPOT,10101.8,Apr 2026
KMP South,5,May,2026,15011.4,14442.5,15588.5,1,🔴 HOTSPOT,10101.8,May 2026
KMP South,6,Jun,2026,15142.9,14574.0,15720.0,1,🔴 HOTSPOT,10101.8,Jun 2026
KMP South,7,Jul,2026,15631.1,15062.2,16208.2,1,🔴 HOTSPOT,10101.8,Jul 2026
KMP South,8,Aug,2026,15509.7,14940.9,16086.9,1,🔴 HOTSPOT,10101.8,Aug 2026
KMP South,9,Sep,2026,14978.6,14409.8,15555.8,1,🔴 HOTSPOT,10101.8,Sep 2026
KMP South,10,Oct,2026,15426.2,14857.3,16003.4,1,🔴 HOTSPOT,10101.8,Oct 2026
KMP South,11,Nov,2026,14666.8,14097.9,15243.9,1,🔴 HOTSPOT,10101.8,Nov 2026
KMP South,12,Dec,2026,14787.1,14218.2,15364.2,1,🔴 HOTSPOT,10101.8,Dec 2026
KMP South,1,Jan,2027,15355.4,14786.6,15932.6,1,🔴 HOTSPOT,10101.8,Jan 2027
KMP South,2,Feb,2027,15253.0,14684.1,15830.1,1,🔴 HOTSPOT,10101.8,Feb 2027
KMP South,3,Mar,2027,15466.5,14897.6,16043.7,1,🔴 HOTSPOT,10101.8,Mar 2027
Katonga,4,Apr,2026,3321.4,2752.5,3898.5,0,🔵 Normal,10101.8,Apr 2026
Katonga,5,May,2026,3260.6,2691.7,3837.8,0,🔵 Normal,10101.8,May 2026
Katonga,6,Jun,2026,3331.5,2762.6,3908.6,0,🔵 Normal,10101.8,Jun 2026
Katonga,7,Jul,2026,3284.2,2715.3,3861.3,0,🔵 Normal,10101.8,Jul 2026
Katonga,8,Aug,2026,3317.1,2748.2,3894.2,0,🔵 Normal,10101.8,Aug 2026
Katonga,9,Sep,2026,3279.9,2711.1,3857.1,0,🔵 Normal,10101.8,Sep 2026
Katonga,10,Oct,2026,3236.3,2667.4,3813.4,0,🔵 Normal,10101.8,Oct 2026
Katonga,11,Nov,2026,3266.8,2697.9,3844.0,0,🔵 Normal,10101.8,Nov 2026
Katonga,12,Dec,2026,3247.0,2678.1,3824.1,0,🔵 Normal,10101.8,Dec 2026
Katonga,1,Jan,2027,3270.2,2701.4,3847.4,0,🔵 Normal,10101.8,Jan 2027
Katonga,2,Feb,2027,3292.9,2724.1,3870.1,0,🔵 Normal,10101.8,Feb 2027
Katonga,3,Mar,2027,3323.9,2755.0,3901.0,0,🔵 Normal,10101.8,Mar 2027
Kidepo,4,Apr,2026,1468.9,900.0,2046.0,0,🔵 Normal,10101.8,Apr 2026
Kidepo,5,May,2026,1473.0,904.1,2050.1,0,🔵 Normal,10101.8,May 2026
Kidepo,6,Jun,2026,1473.2,904.3,2050.3,0,🔵 Normal,10101.8,Jun 2026
Kidepo,7,Jul,2026,1454.2,885.3,2031.3,0,🔵 Normal,10101.8,Jul 2026
Kidepo,8,Aug,2026,1463.1,894.2,2040.2,0,🔵 Normal,10101.8,Aug 2026
Kidepo,9,Sep,2026,1454.0,885.1,2031.2,0,🔵 Normal,10101.8,Sep 2026
Kidepo,10,Oct,2026,1443.8,875.0,2021.0,0,🔵 Normal,10101.8,Oct 2026
Kidepo,11,Nov,2026,1456.3,887.4,2033.4,0,🔵 Normal,10101.8,Nov 2026
Kidepo,12,Dec,2026,1451.0,882.1,2028.1,0,🔵 Normal,10101.8,Dec 2026
Kidepo,1,Jan,2027,1476.7,907.8,2053.8,0,🔵 Normal,10101.8,Jan 2027
Kidepo,2,Feb,2027,1450.9,882.1,2028.1,0,🔵 Normal,10101.8,Feb 2027
Kidepo,3,Mar,2027,1512.4,943.5,2089.5,0,🔵 Normal,10101.8,Mar 2027
Kigezi,4,Apr,2026,6491.3,5922.4,7068.4,0,🔵 Normal,10101.8,Apr 2026
Kigezi,5,May,2026,6432.8,5863.9,7009.9,0,🔵 Normal,10101.8,May 2026
Kigezi,6,Jun,2026,6319.8,5751.0,6897.0,0,🔵 Normal,10101.8,Jun 2026
Kigezi,7,Jul,2026,6442.1,5873.2,7019.2,0,🔵 Normal,10101.8,Jul 2026
Kigezi,8,Aug,2026,6537.4,5968.5,7114.6,0,🔵 Normal,10101.8,Aug 2026
Kigezi,9,Sep,2026,6653.0,6084.1,7230.1,0,🔵 Normal,10101.8,Sep 2026
Kigezi,10,Oct,2026,6624.1,6055.2,7201.3,0,🔵 Normal,10101.8,Oct 2026
Kigezi,11,Nov,2026,6541.6,5972.7,7118.7,0,🔵 Normal,10101.8,Nov 2026
Kigezi,12,Dec,2026,6441.5,5872.6,7018.7,0,🔵 Normal,10101.8,Dec 2026
Kigezi,1,Jan,2027,6551.9,5983.0,7129.1,0,🔵 Normal,10101.8,Jan 2027
Kigezi,2,Feb,2027,6528.1,5959.2,7105.2,0,🔵 Normal,10101.8,Feb 2027
Kigezi,3,Mar,2027,6601.1,6032.2,7178.2,0,🔵 Normal,10101.8,Mar 2027
Kiira,4,Apr,2026,4318.8,3749.9,4895.9,0,🔵 Normal,10101.8,Apr 2026
Kiira,5,May,2026,4311.3,3742.4,4888.4,0,🔵 Normal,10101.8,May 2026
Kiira,6,Jun,2026,4276.5,3707.6,4853.6,0,🔵 Normal,10101.8,Jun 2026
Kiira,7,Jul,2026,4277.6,3708.7,4854.7,0,🔵 Normal,10101.8,Jul 2026
Kiira,8,Aug,2026,4284.8,3716.0,4862.0,0,🔵 Normal,10101.8,Aug 2026
Kiira,9,Sep,2026,4280.2,3711.4,4857.4,0,🔵 Normal,10101.8,Sep 2026
Kiira,10,Oct,2026,4257.1,3688.3,4834.3,0,🔵 Normal,10101.8,Oct 2026
Kiira,11,Nov,2026,4270.7,3701.8,4847.8,0,🔵 Normal,10101.8,Nov 2026
Kiira,12,Dec,2026,4315.3,3746.4,4892.4,0,🔵 Normal,10101.8,Dec 2026
Kiira,1,Jan,2027,4354.4,3785.5,4931.6,0,🔵 Normal,10101.8,Jan 2027
Kiira,2,Feb,2027,4353.1,3784.2,4930.2,0,🔵 Normal,10101.8,Feb 2027
Kiira,3,Mar,2027,4335.2,3766.4,4912.4,0,🔵 Normal,10101.8,Mar 2027
Mt Moroto,4,Apr,2026,3873.5,3304.6,4450.6,0,🔵 Normal,10101.8,Apr 2026
Mt Moroto,5,May,2026,3835.9,3267.1,4413.1,0,🔵 Normal,10101.8,May 2026
Mt Moroto,6,Jun,2026,3890.2,3321.4,4467.4,0,🔵 Normal,10101.8,Jun 2026
Mt Moroto,7,Jul,2026,3840.6,3271.8,4417.8,0,🔵 Normal,10101.8,Jul 2026
Mt Moroto,8,Aug,2026,3873.7,3304.8,4450.8,0,🔵 Normal,10101.8,Aug 2026
Mt Moroto,9,Sep,2026,3851.2,3282.4,4428.4,0,🔵 Normal,10101.8,Sep 2026
Mt Moroto,10,Oct,2026,3822.7,3253.8,4399.9,0,🔵 Normal,10101.8,Oct 2026
Mt Moroto,11,Nov,2026,3844.6,3275.7,4421.7,0,🔵 Normal,10101.8,Nov 2026
Mt Moroto,12,Dec,2026,3779.7,3210.9,4356.9,0,🔵 Normal,10101.8,Dec 2026
Mt Moroto,1,Jan,2027,3869.3,3300.5,4446.5,0,🔵 Normal,10101.8,Jan 2027
Mt Moroto,2,Feb,2027,3854.8,3285.9,4431.9,0,🔵 Normal,10101.8,Feb 2027
Mt Moroto,3,Mar,2027,3849.2,3280.4,4426.4,0,🔵 Normal,10101.8,Mar 2027
North Kyoga,4,Apr,2026,16870.3,16301.5,17447.5,1,🔴 HOTSPOT,10101.8,Apr 2026
North Kyoga,5,May,2026,16311.2,15742.3,16888.3,1,🔴 HOTSPOT,10101.8,May 2026
North Kyoga,6,Jun,2026,16019.7,15450.8,16596.9,1,🔴 HOTSPOT,10101.8,Jun 2026
North Kyoga,7,Jul,2026,16717.2,16148.3,17294.3,1,🔴 HOTSPOT,10101.8,Jul 2026
North Kyoga,8,Aug,2026,16475.7,15906.8,17052.8,1,🔴 HOTSPOT,10101.8,Aug 2026
North Kyoga,9,Sep,2026,16584.9,16016.0,17162.1,1,🔴 HOTSPOT,10101.8,Sep 2026
North Kyoga,10,Oct,2026,16503.8,15934.9,17081.0,1,🔴 HOTSPOT,10101.8,Oct 2026
North Kyoga,11,Nov,2026,16596.3,16027.4,17173.4,1,🔴 HOTSPOT,10101.8,Nov 2026
North Kyoga,12,Dec,2026,16863.5,16294.7,17440.7,1,🔴 HOTSPOT,10101.8,Dec 2026
North Kyoga,1,Jan,2027,16455.8,15886.9,17032.9,1,🔴 HOTSPOT,10101.8,Jan 2027
North Kyoga,2,Feb,2027,16399.5,15830.6,16976.6,1,🔴 HOTSPOT,10101.8,Feb 2027
North Kyoga,3,Mar,2027,16137.6,15568.7,16714.8,1,🔴 HOTSPOT,10101.8,Mar 2027
North West Nile,4,Apr,2026,4054.4,3485.5,4631.6,0,🔵 Normal,10101.8,Apr 2026
North West Nile,5,May,2026,4040.1,3471.2,4617.2,0,🔵 Normal,10101.8,May 2026
North West Nile,6,Jun,2026,4012.1,3443.3,4589.3,0,🔵 Normal,10101.8,Jun 2026
North West Nile,7,Jul,2026,4000.5,3431.6,4577.6,0,🔵 Normal,10101.8,Jul 2026
North West Nile,8,Aug,2026,4004.5,3435.6,4581.7,0,🔵 Normal,10101.8,Aug 2026
North West Nile,9,Sep,2026,3987.6,3418.7,4564.7,0,🔵 Normal,10101.8,Sep 2026
North West Nile,10,Oct,2026,3925.5,3356.6,4502.6,0,🔵 Normal,10101.8,Oct 2026
North West Nile,11,Nov,2026,3957.5,3388.7,4534.7,0,🔵 Normal,10101.8,Nov 2026
North West Nile,12,Dec,2026,4003.0,3434.1,4580.2,0,🔵 Normal,10101.8,Dec 2026
North West Nile,1,Jan,2027,4060.8,3492.0,4638.0,0,🔵 Normal,10101.8,Jan 2027
North West Nile,2,Feb,2027,4037.7,3468.8,4614.9,0,🔵 Normal,10101.8,Feb 2027
North West Nile,3,Mar,2027,4068.4,3499.5,4645.5,0,🔵 Normal,10101.8,Mar 2027
Rwenzori East,4,Apr,2026,2944.0,2375.1,3521.1,0,🔵 Normal,10101.8,Apr 2026
Rwenzori East,5,May,2026,2942.6,2373.7,3519.7,0,🔵 Normal,10101.8,May 2026
Rwenzori East,6,Jun,2026,2942.8,2373.9,3519.9,0,🔵 Normal,10101.8,Jun 2026
Rwenzori East,7,Jul,2026,2931.8,2363.0,3509.0,0,🔵 Normal,10101.8,Jul 2026
Rwenzori East,8,Aug,2026,2943.5,2374.6,3520.6,0,🔵 Normal,10101.8,Aug 2026
Rwenzori East,9,Sep,2026,2941.8,2372.9,3518.9,0,🔵 Normal,10101.8,Sep 2026
Rwenzori East,10,Oct,2026,2921.3,2352.4,3498.4,0,🔵 Normal,10101.8,Oct 2026
Rwenzori East,11,Nov,2026,2931.5,2362.6,3508.6,0,🔵 Normal,10101.8,Nov 2026
Rwenzori East,12,Dec,2026,2920.9,2352.1,3498.1,0,🔵 Normal,10101.8,Dec 2026
Rwenzori East,1,Jan,2027,2943.1,2374.2,3520.2,0,🔵 Normal,10101.8,Jan 2027
Rwenzori East,2,Feb,2027,2929.9,2361.0,3507.0,0,🔵 Normal,10101.8,Feb 2027
Rwenzori East,3,Mar,2027,2970.2,2401.4,3547.4,0,🔵 Normal,10101.8,Mar 2027
Rwenzori West,4,Apr,2026,9520.9,8952.0,10098.0,0,🔵 Normal,10101.8,Apr 2026
Rwenzori West,5,May,2026,9464.4,8895.6,10041.6,0,🔵 Normal,10101.8,May 2026
Rwenzori West,6,Jun,2026,9623.8,9054.9,10201.0,0,🔵 Normal,10101.8,Jun 2026
Rwenzori West,7,Jul,2026,9520.4,8951.5,10097.5,0,🔵 Normal,10101.8,Jul 2026
Rwenzori West,8,Aug,2026,9595.4,9026.5,10172.5,0,🔵 Normal,10101.8,Aug 2026
Rwenzori West,9,Sep,2026,9670.2,9101.3,10247.3,0,🔵 Normal,10101.8,Sep 2026
Rwenzori West,10,Oct,2026,9667.4,9098.5,10244.5,0,🔵 Normal,10101.8,Oct 2026
Rwenzori West,11,Nov,2026,9438.4,8869.5,10015.5,0,🔵 Normal,10101.8,Nov 2026
Rwenzori West,12,Dec,2026,9550.1,8981.3,10127.3,0,🔵 Normal,10101.8,Dec 2026
Rwenzori West,1,Jan,2027,9273.9,8705.0,9851.0,0,🔵 Normal,10101.8,Jan 2027
Rwenzori West,2,Feb,2027,9401.8,8832.9,9978.9,0,🔵 Normal,10101.8,Feb 2027
Rwenzori West,3,Mar,2027,9508.9,8940.0,10086.0,0,🔵 Normal,10101.8,Mar 2027
Rwizi,4,Apr,2026,17367.0,16798.1,17944.1,1,🔴 HOTSPOT,10101.8,Apr 2026
Rwizi,5,May,2026,16900.0,16331.2,17477.2,1,🔴 HOTSPOT,10101.8,May 2026
Rwizi,6,Jun,2026,17129.5,16560.6,17706.6,1,🔴 HOTSPOT,10101.8,Jun 2026
Rwizi,7,Jul,2026,17729.2,17160.4,18306.4,1,🔴 HOTSPOT,10101.8,Jul 2026
Rwizi,8,Aug,2026,17279.3,16710.4,17856.4,1,🔴 HOTSPOT,10101.8,Aug 2026
Rwizi,9,Sep,2026,17258.6,16689.8,17835.8,1,🔴 HOTSPOT,10101.8,Sep 2026
Rwizi,10,Oct,2026,16982.3,16413.5,17559.5,1,🔴 HOTSPOT,10101.8,Oct 2026
Rwizi,11,Nov,2026,16898.0,16329.1,17475.1,1,🔴 HOTSPOT,10101.8,Nov 2026
Rwizi,12,Dec,2026,17158.8,16589.9,17735.9,1,🔴 HOTSPOT,10101.8,Dec 2026
Rwizi,1,Jan,2027,16693.6,16124.8,17270.8,1,🔴 HOTSPOT,10101.8,Jan 2027
Rwizi,2,Feb,2027,16595.2,16026.4,17172.4,1,🔴 HOTSPOT,10101.8,Feb 2027
Rwizi,3,Mar,2027,15699.7,15130.9,16276.9,1,🔴 HOTSPOT,10101.8,Mar 2027
Savannah,4,Apr,2026,6316.6,5747.7,6893.7,0,🔵 Normal,10101.8,Apr 2026
Savannah,5,May,2026,6312.5,5743.6,6889.6,0,🔵 Normal,10101.8,May 2026
Savannah,6,Jun,2026,6308.2,5739.4,6885.4,0,🔵 Normal,10101.8,Jun 2026
Savannah,7,Jul,2026,6304.6,5735.7,6881.7,0,🔵 Normal,10101.8,Jul 2026
Savannah,8,Aug,2026,6264.9,5696.0,6842.0,0,🔵 Normal,10101.8,Aug 2026
Savannah,9,Sep,2026,6280.3,5711.5,6857.5,0,🔵 Normal,10101.8,Sep 2026
Savannah,10,Oct,2026,6208.8,5639.9,6785.9,0,🔵 Normal,10101.8,Oct 2026
Savannah,11,Nov,2026,6267.0,5698.1,6844.2,0,🔵 Normal,10101.8,Nov 2026
Savannah,12,Dec,2026,6231.9,5663.0,6809.0,0,🔵 Normal,10101.8,Dec 2026
Savannah,1,Jan,2027,6309.7,5740.8,6886.8,0,🔵 Normal,10101.8,Jan 2027
Savannah,2,Feb,2027,6308.3,5739.4,6885.5,0,🔵 Normal,10101.8,Feb 2027
Savannah,3,Mar,2027,6409.9,5841.0,6987.1,0,🔵 Normal,10101.8,Mar 2027
Sezibwa,4,Apr,2026,4882.7,4313.8,5459.9,0,🔵 Normal,10101.8,Apr 2026
Sezibwa,5,May,2026,4908.2,4339.3,5485.3,0,🔵 Normal,10101.8,May 2026
Sezibwa,6,Jun,2026,4942.4,4373.5,5519.6,0,🔵 Normal,10101.8,Jun 2026
Sezibwa,7,Jul,2026,4904.2,4335.4,5481.4,0,🔵 Normal,10101.8,Jul 2026
Sezibwa,8,Aug,2026,4865.9,4297.0,5443.0,0,🔵 Normal,10101.8,Aug 2026
Sezibwa,9,Sep,2026,4816.7,4247.8,5393.9,0,🔵 Normal,10101.8,Sep 2026
Sezibwa,10,Oct,2026,4791.5,4222.6,5368.6,0,🔵 Normal,10101.8,Oct 2026
Sezibwa,11,Nov,2026,4859.6,4290.7,5436.7,0,🔵 Normal,10101.8,Nov 2026
Sezibwa,12,Dec,2026,4876.3,4307.4,5453.4,0,🔵 Normal,10101.8,Dec 2026
Sezibwa,1,Jan,2027,4907.4,4338.5,5484.5,0,🔵 Normal,10101.8,Jan 2027
Sezibwa,2,Feb,2027,4879.3,4310.4,5456.5,0,🔵 Normal,10101.8,Feb 2027
Sezibwa,3,Mar,2027,4885.7,4316.9,5462.9,0,🔵 Normal,10101.8,Mar 2027
Sipi,4,Apr,2026,6462.6,5893.8,7039.8,0,🔵 Normal,10101.8,Apr 2026
Sipi,5,May,2026,6424.0,5855.2,7001.2,0,🔵 Normal,10101.8,May 2026
Sipi,6,Jun,2026,6285.0,5716.1,6862.1,0,🔵 Normal,10101.8,Jun 2026
Sipi,7,Jul,2026,6312.1,5743.2,6889.2,0,🔵 Normal,10101.8,Jul 2026
Sipi,8,Aug,2026,6287.3,5718.4,6864.4,0,🔵 Normal,10101.8,Aug 2026
Sipi,9,Sep,2026,6323.7,5754.9,6900.9,0,🔵 Normal,10101.8,Sep 2026
Sipi,10,Oct,2026,6276.8,5707.9,6853.9,0,🔵 Normal,10101.8,Oct 2026
Sipi,11,Nov,2026,6297.1,5728.2,6874.3,0,🔵 Normal,10101.8,Nov 2026
Sipi,12,Dec,2026,6322.1,5753.2,6899.2,0,🔵 Normal,10101.8,Dec 2026
Sipi,1,Jan,2027,6425.3,5856.4,7002.5,0,🔵 Normal,10101.8,Jan 2027
Sipi,2,Feb,2027,6472.7,5903.9,7049.9,0,🔵 Normal,10101.8,Feb 2027
Sipi,3,Mar,2027,6567.3,5998.4,7144.4,0,🔵 Normal,10101.8,Mar 2027
Wamala,4,Apr,2026,7582.6,7013.7,8159.7,0,🔵 Normal,10101.8,Apr 2026
Wamala,5,May,2026,7618.7,7049.8,8195.8,0,🔵 Normal,10101.8,May 2026
Wamala,6,Jun,2026,7333.9,6765.0,7911.1,0,🔵 Normal,10101.8,Jun 2026
Wamala,7,Jul,2026,7536.2,6967.4,8113.4,0,🔵 Normal,10101.8,Jul 2026
Wamala,8,Aug,2026,7558.1,6989.2,8135.2,0,🔵 Normal,10101.8,Aug 2026
Wamala,9,Sep,2026,7522.2,6953.3,8099.4,0,🔵 Normal,10101.8,Sep 2026
Wamala,10,Oct,2026,7486.9,6918.0,8064.0,0,🔵 Normal,10101.8,Oct 2026
Wamala,11,Nov,2026,7476.6,6907.7,8053.7,0,🔵 Normal,10101.8,Nov 2026
Wamala,12,Dec,2026,7466.8,6897.9,8044.0,0,🔵 Normal,10101.8,Dec 2026
Wamala,1,Jan,2027,7570.2,7001.3,8147.3,0,🔵 Normal,10101.8,Jan 2027
Wamala,2,Feb,2027,7617.2,7048.3,8194.3,0,🔵 Normal,10101.8,Feb 2027
Wamala,3,Mar,2027,7645.6,7076.8,8222.8,0,🔵 Normal,10101.8,Mar 2027
West Nile,4,Apr,2026,6234.4,5665.5,6811.6,0,🔵 Normal,10101.8,Apr 2026
West Nile,5,May,2026,6171.3,5602.4,6748.4,0,🔵 Normal,10101.8,May 2026
West Nile,6,Jun,2026,6090.8,5521.9,6667.9,0,🔵 Normal,10101.8,Jun 2026
West Nile,7,Jul,2026,6203.5,5634.6,6780.6,0,🔵 Normal,10101.8,Jul 2026
West Nile,8,Aug,2026,6289.9,5721.0,6867.0,0,🔵 Normal,10101.8,Aug 2026
West Nile,9,Sep,2026,6422.0,5853.2,6999.2,0,🔵 Normal,10101.8,Sep 2026
West Nile,10,Oct,2026,6361.9,5793.1,6939.1,0,🔵 Normal,10101.8,Oct 2026
West Nile,11,Nov,2026,6292.3,5723.4,6869.4,0,🔵 Normal,10101.8,Nov 2026
West Nile,12,Dec,2026,6242.6,5673.7,6819.7,0,🔵 Normal,10101.8,Dec 2026
West Nile,1,Jan,2027,6285.2,5716.3,6862.3,0,🔵 Normal,10101.8,Jan 2027
West Nile,2,Feb,2027,6224.7,5655.8,6801.9,0,🔵 Normal,10101.8,Feb 2027
West Nile,3,Mar,2027,6359.5,5790.7,6936.7,0,🔵 Normal,10101.8,Mar 2027
